{
  "Log. Regression": {
    "test_accuracy": 0.7508871540099361,
    "test_f1": 0.6277836691410392,
    "test_precision": 0.5202108963093146,
    "test_recall": 0.7914438502673797,
    "test_auc_roc": 0.8447466997339119,
    "test_pr_auc": 0.6571131266048719,
    "cv5_f1_mean": 0.6303398535737876,
    "cv5_f1_std": 0.018571181705619597,
    "cv5_auc_mean": 0.847774230484873,
    "cv5_auc_std": 0.011632696085727465
  },
  "KNN": {
    "test_accuracy": 0.7863733144073811,
    "test_f1": 0.5592972181551976,
    "test_precision": 0.6181229773462783,
    "test_recall": 0.5106951871657754,
    "test_auc_roc": 0.8284313725490196,
    "test_pr_auc": 0.624144814815598,
    "cv5_f1_mean": 0.5976608401107631,
    "cv5_f1_std": 0.020977244592925486,
    "cv5_auc_mean": 0.8401684843978602,
    "cv5_auc_std": 0.0087722891612121
  },
  "Random Forest": {
    "test_accuracy": 0.7700496806245565,
    "test_f1": 0.6367713004484304,
    "test_precision": 0.5482625482625483,
    "test_recall": 0.7593582887700535,
    "test_auc_roc": 0.8421090702420626,
    "test_pr_auc": 0.6528060045941583,
    "cv5_f1_mean": 0.6398996720827372,
    "cv5_f1_std": 0.01909117881006682,
    "cv5_auc_mean": 0.8477101986927511,
    "cv5_auc_std": 0.010381996480431886
  }
}