{
  "n_registros": 1338,
  "n_columnas": 7,
  "valores_nulos": 0,
  "charges_media": 13270.422265141257,
  "charges_mediana": 9382.033,
  "charges_skew": 1.5158796580240388,
  "pct_fumadores": 20.47832585949178
}