{
  "Reg. Lineal": {
    "test_rmse": 5373.571960989005,
    "test_mse": 28875275.61992722,
    "test_mae": 2844.308506579684,
    "test_r2": 0.8428608287263439,
    "cv5_rmse_mean": 0.4201880038755138,
    "cv5_rmse_std": 0.018858856388914626,
    "cv5_r2_mean": 0.7826442050468062,
    "cv5_r2_std": 0.0277460158239558
  },
  "KNN": {
    "test_rmse": 4664.799270370438,
    "test_mse": 21760352.232848566,
    "test_mae": 2525.098000627414,
    "test_r2": 0.8815802224193179,
    "cv5_rmse_mean": 0.42485799241691213,
    "cv5_rmse_std": 0.017982848363355543,
    "cv5_r2_mean": 0.7779967297090634,
    "cv5_r2_std": 0.025825244799025437
  },
  "Random Forest": {
    "test_rmse": 4273.128260516021,
    "test_mse": 18259625.13082068,
    "test_mae": 1985.3083292793356,
    "test_r2": 0.9006311697733324,
    "cv5_rmse_mean": 0.4122298405459449,
    "cv5_rmse_std": 0.022803919794906605,
    "cv5_r2_mean": 0.7902410398469575,
    "cv5_r2_std": 0.0328337936167907
  }
}