{
  "Reg. Lineal": {
    "test_rmse": 5798.522380806394,
    "test_mse": 33622861.80071265,
    "test_mae": 3001.973773363037,
    "test_r2": 0.8170244776619047,
    "cv5_rmse_mean": 0.401237426725327,
    "cv5_rmse_std": 0.021223494477069144,
    "cv5_r2_mean": 0.8013668759103147,
    "cv5_r2_std": 0.03040964512952753
  },
  "KNN": {
    "test_rmse": 4915.622251857003,
    "test_mse": 24163342.122951712,
    "test_mae": 2663.7028399503743,
    "test_r2": 0.8685031579825998,
    "cv5_rmse_mean": 0.40149264086182646,
    "cv5_rmse_std": 0.02522597959936239,
    "cv5_r2_mean": 0.8005730991847446,
    "cv5_r2_std": 0.03524341707165721
  },
  "Random Forest": {
    "test_rmse": 4238.574919443537,
    "test_mse": 17965517.34773578,
    "test_mae": 1916.8356396476395,
    "test_r2": 0.9022317035277945,
    "cv5_rmse_mean": 0.38661873997953666,
    "cv5_rmse_std": 0.028941035861463002,
    "cv5_r2_mean": 0.8145134666538292,
    "cv5_r2_std": 0.03827006226005091
  }
}